timestamp,project_name,run_id,duration,emissions,emissions_rate,cpu_power,gpu_power,ram_power,cpu_energy,gpu_energy,ram_energy,energy_consumed,country_name,country_iso_code,region,cloud_provider,cloud_region,os,python_version,codecarbon_version,cpu_count,cpu_model,gpu_count,gpu_model,longitude,latitude,ram_total_size,tracking_mode,on_cloud,pue
2024-09-05T09:55:04,codecarbon,95d8a1e1-70b4-4cbf-9fc9-f9a81e360e48,0.0235179000010248,9.719438835391797e-08,4.132783469173802e-06,42.5,0.0,5.224797248840332,2.623961806117829e-07,0,1.2084375480421806e-08,2.744805560922047e-07,Argentina,ARG,cordoba,,,Windows-10-10.0.19045-SP0,3.12.2,2.6.0,8,AMD Ryzen 5 3400G with Radeon Vega Graphics,,,-64.2997,-31.3011,13.93279266357422,machine,N,1.0
2024-09-05T09:55:06,codecarbon,374512c4-27b6-4357-b92d-ee126ec90fad,0.0173754999996162,7.063381260291199e-08,4.065138419295663e-06,42.5,0.0,5.224797248840332,1.92901597236212e-07,0,6.5709082294632125e-09,1.994725054656752e-07,Argentina,ARG,cordoba,,,Windows-10-10.0.19045-SP0,3.12.2,2.6.0,8,AMD Ryzen 5 3400G with Radeon Vega Graphics,,,-64.2997,-31.3011,13.93279266357422,machine,N,1.0
2024-09-05T09:55:08,codecarbon,e26dba09-11b3-46b9-9c9f-8bd5b2ffe386,0.0238697000022511,9.865608744590805e-08,4.1331096510054e-06,42.5,0.0,5.224797248840332,2.676189583022885e-07,0,1.0989490216667882e-08,2.786084485189564e-07,Argentina,ARG,cordoba,,,Windows-10-10.0.19045-SP0,3.12.2,2.6.0,8,AMD Ryzen 5 3400G with Radeon Vega Graphics,,,-64.2997,-31.3011,13.93279266357422,machine,N,1.0
2024-09-05T09:55:10,codecarbon,2533c548-be3e-49f8-aeee-7fd0f969a6c2,0.0223899999982677,9.42031706109788e-08,4.207376981610856e-06,42.5,0.0,5.224797248840332,2.5255152777390325e-07,0,1.3481718515958173e-08,2.660332462898615e-07,Argentina,ARG,cordoba,,,Windows-10-10.0.19045-SP0,3.12.2,2.6.0,8,AMD Ryzen 5 3400G with Radeon Vega Graphics,,,-64.2997,-31.3011,13.93279266357422,machine,N,1.0
2024-09-05T09:55:13,codecarbon,3e7ad5fc-453c-40a6-b4da-91abbd936f7f,0.0130963000119663,5.3594482484553984e-08,4.092337716422464e-06,42.5,0.0,5.224797248840332,1.464809723175778e-07,0,4.871833178433232e-09,1.51352805496011e-07,Argentina,ARG,cordoba,,,Windows-10-10.0.19045-SP0,3.12.2,2.6.0,8,AMD Ryzen 5 3400G with Radeon Vega Graphics,,,-64.2997,-31.3011,13.93279266357422,machine,N,1.0
2024-09-05T09:55:15,codecarbon,00036a97-ad12-4dfb-b231-412ab326f83b,0.0158106999879237,6.654093205198616e-08,4.208601270203747e-06,42.5,0.0,5.224797248840332,1.786664581838219e-07,0,9.247600866754205e-09,1.8791405905057613e-07,Argentina,ARG,cordoba,,,Windows-10-10.0.19045-SP0,3.12.2,2.6.0,8,AMD Ryzen 5 3400G with Radeon Vega Graphics,,,-64.2997,-31.3011,13.93279266357422,machine,N,1.0
2024-09-05T09:55:17,codecarbon,33cf64af-118f-4733-8cc5-b1c3295c2bf4,0.0104707000136841,4.1416458594503295e-08,3.955462246113089e-06,42.5,0.0,5.224797248840332,1.1595888883877909e-07,0,1.0027257041739236e-09,1.1696161454295304e-07,Argentina,ARG,cordoba,,,Windows-10-10.0.19045-SP0,3.12.2,2.6.0,8,AMD Ryzen 5 3400G with Radeon Vega Graphics,,,-64.2997,-31.3011,13.93279266357422,machine,N,1.0
2024-09-05T09:55:20,codecarbon,957a9a75-b399-446d-b6c8-b3758b731c50,0.01883060002001,7.923274875138325e-08,4.207659270930712e-06,42.5,0.0,5.224797248840332,2.14098472497426e-07,0,9.657747448135676e-09,2.237562199455617e-07,Argentina,ARG,cordoba,,,Windows-10-10.0.19045-SP0,3.12.2,2.6.0,8,AMD Ryzen 5 3400G with Radeon Vega Graphics,,,-64.2997,-31.3011,13.93279266357422,machine,N,1.0
2024-09-05T09:55:22,codecarbon,2f54b627-8ffd-4706-86b7-5156f10a186e,0.0183434000064153,7.703020362413288e-08,4.199341648614366e-06,42.5,0.0,5.224797248840332,2.0678729158842345e-07,0,1.07488592607162e-08,2.175361508491396e-07,Argentina,ARG,cordoba,,,Windows-10-10.0.19045-SP0,3.12.2,2.6.0,8,AMD Ryzen 5 3400G with Radeon Vega Graphics,,,-64.2997,-31.3011,13.93279266357422,machine,N,1.0
2024-09-05T09:55:25,codecarbon,23f53f9c-76a9-430d-96db-4a02b5f792d2,0.0147771000047214,6.049628601010794e-08,4.093921404793819e-06,42.5,0.0,5.224797248840332,1.649507637517268e-07,0,5.892990777627421e-09,1.7084375452935424e-07,Argentina,ARG,cordoba,,,Windows-10-10.0.19045-SP0,3.12.2,2.6.0,8,AMD Ryzen 5 3400G with Radeon Vega Graphics,,,-64.2997,-31.3011,13.93279266357422,machine,N,1.0
2024-09-05T09:55:27,codecarbon,6d0d5e90-ead0-4b3c-92cb-d9c3a75dd8e2,0.0160701000131666,6.291406194958158e-08,3.9149763783694185e-06,42.5,0.0,5.224797248840332,1.73598333417936e-07,0,4.07331000101721e-09,1.776716434189532e-07,Argentina,ARG,cordoba,,,Windows-10-10.0.19045-SP0,3.12.2,2.6.0,8,AMD Ryzen 5 3400G with Radeon Vega Graphics,,,-64.2997,-31.3011,13.93279266357422,machine,N,1.0
2024-09-05T09:55:29,codecarbon,3f09a920-3e1a-44c8-9465-e761876b42ab,0.024423900002148,9.727662732907529e-08,3.9828457912340005e-06,42.5,0.0,5.224797248840332,2.6531687496268814e-07,0,9.395927044285184e-09,2.747128020069733e-07,Argentina,ARG,cordoba,,,Windows-10-10.0.19045-SP0,3.12.2,2.6.0,8,AMD Ryzen 5 3400G with Radeon Vega Graphics,,,-64.2997,-31.3011,13.93279266357422,machine,N,1.0
2024-09-05T09:55:31,codecarbon,45408724-fbf1-4b2f-afb2-a44eea102278,0.0149595999973826,5.977463516025587e-08,3.995737531131464e-06,42.5,0.0,5.224797248840332,1.66453611079002e-07,0,2.3521746959162536e-09,1.688057857749182e-07,Argentina,ARG,cordoba,,,Windows-10-10.0.19045-SP0,3.12.2,2.6.0,8,AMD Ryzen 5 3400G with Radeon Vega Graphics,,,-64.2997,-31.3011,13.93279266357422,machine,N,1.0
2024-09-05T09:55:33,codecarbon,2c192ce7-000a-4f89-9210-cc9905347f54,0.0294427999760955,1.2459785353046482e-07,4.231861563153814e-06,42.5,0.0,5.224797248840332,3.320678469511525e-07,0,1.98011107545569e-08,3.518689577057095e-07,Argentina,ARG,cordoba,,,Windows-10-10.0.19045-SP0,3.12.2,2.6.0,8,AMD Ryzen 5 3400G with Radeon Vega Graphics,,,-64.2997,-31.3011,13.93279266357422,machine,N,1.0
2024-09-05T09:55:35,codecarbon,6c4d56a7-150f-452f-9f46-a79a97225b26,0.0295462000067345,1.26319512804571e-07,4.275321793522636e-06,42.5,0.0,5.224797248840332,3.341113887169438e-07,0,2.2619598607566265e-08,3.5673098732451005e-07,Argentina,ARG,cordoba,,,Windows-10-10.0.19045-SP0,3.12.2,2.6.0,8,AMD Ryzen 5 3400G with Radeon Vega Graphics,,,-64.2997,-31.3011,13.93279266357422,machine,N,1.0
2024-09-05T09:55:37,codecarbon,347db708-0692-4e0d-b23d-96aee9aee25a,0.0298077999905217,1.2545106491534737e-07,4.20866568331907e-06,42.5,0.0,5.224797248840332,3.3246333332499497e-07,0,2.181512496354641e-08,3.542784582885414e-07,Argentina,ARG,cordoba,,,Windows-10-10.0.19045-SP0,3.12.2,2.6.0,8,AMD Ryzen 5 3400G with Radeon Vega Graphics,,,-64.2997,-31.3011,13.93279266357422,machine,N,1.0
2024-09-05T09:55:39,codecarbon,759e2a29-dfc4-43d9-a790-70b29f231904,0.0160321000148542,6.387649263985633e-08,3.984287309876613e-06,42.5,0.0,5.224797248840332,1.7715180555468477e-07,0,3.2377778147199554e-09,1.8038958336940482e-07,Argentina,ARG,cordoba,,,Windows-10-10.0.19045-SP0,3.12.2,2.6.0,8,AMD Ryzen 5 3400G with Radeon Vega Graphics,,,-64.2997,-31.3011,13.93279266357422,machine,N,1.0
2024-09-05T09:55:42,codecarbon,21947a4d-d6db-4038-b6da-3c90a68bf9ff,0.0172339999990072,7.304223213107384e-08,4.238263440598906e-06,42.5,0.0,5.224797248840332,1.963618054610884e-07,0,9.912166041762053e-09,2.062739715028505e-07,Argentina,ARG,cordoba,,,Windows-10-10.0.19045-SP0,3.12.2,2.6.0,8,AMD Ryzen 5 3400G with Radeon Vega Graphics,,,-64.2997,-31.3011,13.93279266357422,machine,N,1.0
2024-09-05T09:55:44,codecarbon,89a5a128-2501-412f-b1ea-c9337cb7347e,0.0147675000189337,6.107963474348797e-08,4.136084961244368e-06,42.5,0.0,5.224797248840332,1.637985416891752e-07,0,8.692611290291099e-09,1.724911529794663e-07,Argentina,ARG,cordoba,,,Windows-10-10.0.19045-SP0,3.12.2,2.6.0,8,AMD Ryzen 5 3400G with Radeon Vega Graphics,,,-64.2997,-31.3011,13.93279266357422,machine,N,1.0
2024-09-05T09:55:46,codecarbon,c824fcad-d2d4-4443-b08a-9690731968bc,0.0218958999903406,9.2357721822416e-08,4.218037251867213e-06,42.5,0.0,5.224797248840332,2.499389583641056e-07,0,1.0882672128762342e-08,2.608216304928679e-07,Argentina,ARG,cordoba,,,Windows-10-10.0.19045-SP0,3.12.2,2.6.0,8,AMD Ryzen 5 3400G with Radeon Vega Graphics,,,-64.2997,-31.3011,13.93279266357422,machine,N,1.0
2024-09-05T09:55:48,codecarbon,a7f62197-6d77-45ee-9ff3-dc22dc75ff0c,0.0111971000151243,4.36713050428994e-08,3.900233541176829e-06,42.5,0.0,5.224797248840332,1.2264319444107566e-07,0,6.861900682320759e-10,1.2332938450930778e-07,Argentina,ARG,cordoba,,,Windows-10-10.0.19045-SP0,3.12.2,2.6.0,8,AMD Ryzen 5 3400G with Radeon Vega Graphics,,,-64.2997,-31.3011,13.93279266357422,machine,N,1.0
2024-09-05T09:55:50,codecarbon,3956f2fc-b437-4a06-9dc2-3bcaaa8c70ad,0.0119822999986354,4.5908728327233104e-08,3.831378644539137e-06,42.5,0.0,5.224797248840332,1.2913388883235814e-07,0,5.140619820464404e-10,1.296479508144046e-07,Argentina,ARG,cordoba,,,Windows-10-10.0.19045-SP0,3.12.2,2.6.0,8,AMD Ryzen 5 3400G with Radeon Vega Graphics,,,-64.2997,-31.3011,13.93279266357422,machine,N,1.0
2024-09-05T09:55:53,codecarbon,5fc14d0b-865c-4ccc-845c-2a1d9a38494b,0.0139616999949794,5.187955985447335e-08,3.715848347488417e-06,42.5,0.0,5.224797248840332,1.45862360962686e-07,0,6.474394470065006e-10,1.465098004096925e-07,Argentina,ARG,cordoba,,,Windows-10-10.0.19045-SP0,3.12.2,2.6.0,8,AMD Ryzen 5 3400G with Radeon Vega Graphics,,,-64.2997,-31.3011,13.93279266357422,machine,N,1.0
2024-09-05T09:55:55,codecarbon,f7578ecf-6194-4984-8f2a-3f0aac95db51,0.0310713999788276,1.3422892450001913e-07,4.320015338590597e-06,42.5,0.0,5.224797248840332,3.544913191540724e-07,0,2.457614003158588e-08,3.790674591856582e-07,Argentina,ARG,cordoba,,,Windows-10-10.0.19045-SP0,3.12.2,2.6.0,8,AMD Ryzen 5 3400G with Radeon Vega Graphics,,,-64.2997,-31.3011,13.93279266357422,machine,N,1.0
2024-09-05T09:55:57,codecarbon,c7bf9ed5-a07b-4db7-86fb-4570c939163e,0.0099549999868031,3.657621566534792e-08,3.674155270098962e-06,42.5,0.0,5.224797248840332,1.0285472203071954e-07,0,4.3786703333222044e-10,1.0329258906405177e-07,Argentina,ARG,cordoba,,,Windows-10-10.0.19045-SP0,3.12.2,2.6.0,8,AMD Ryzen 5 3400G with Radeon Vega Graphics,,,-64.2997,-31.3011,13.93279266357422,machine,N,1.0
2024-09-05T09:55:59,codecarbon,db7a4ee1-47e4-4256-8140-cd02e36fcda4,0.0113803000131156,4.39123386781599e-08,3.858627507847032e-06,42.5,0.0,5.224797248840332,1.234967360788788e-07,0,5.13336352475635e-10,1.2401007243135445e-07,Argentina,ARG,cordoba,,,Windows-10-10.0.19045-SP0,3.12.2,2.6.0,8,AMD Ryzen 5 3400G with Radeon Vega Graphics,,,-64.2997,-31.3011,13.93279266357422,machine,N,1.0
2024-09-05T09:56:02,codecarbon,328fc7fd-c986-424d-95fb-915dac5e9384,0.0085273000004235,3.2986523407493025e-08,3.868343251187893e-06,42.5,0.0,5.224797248840332,9.269131917082837e-08,0,4.6384587293862847e-10,9.3155165043767e-08,Argentina,ARG,cordoba,,,Windows-10-10.0.19045-SP0,3.12.2,2.6.0,8,AMD Ryzen 5 3400G with Radeon Vega Graphics,,,-64.2997,-31.3011,13.93279266357422,machine,N,1.0
2024-09-05T09:56:04,codecarbon,51e367ec-e761-4cf1-bc8f-160b466b3ff6,0.0181764000153634,7.213930176843569e-08,3.96884430951456e-06,42.5,0.0,5.224797248840332,2.027580557195405e-07,0,9.660069640167464e-10,2.037240626835573e-07,Argentina,ARG,cordoba,,,Windows-10-10.0.19045-SP0,3.12.2,2.6.0,8,AMD Ryzen 5 3400G with Radeon Vega Graphics,,,-64.2997,-31.3011,13.93279266357422,machine,N,1.0
2024-09-05T09:56:06,codecarbon,a726b361-c213-4606-be1a-6df2bb8a9f02,0.0078512000036425,3.063445075369389e-08,3.901881335271162e-06,42.5,0.0,5.224797248840332,8.602590260125e-08,0,4.869220675438047e-10,8.65128246687938e-08,Argentina,ARG,cordoba,,,Windows-10-10.0.19045-SP0,3.12.2,2.6.0,8,AMD Ryzen 5 3400G with Radeon Vega Graphics,,,-64.2997,-31.3011,13.93279266357422,machine,N,1.0
2024-09-05T09:56:08,codecarbon,940034ae-e8eb-433f-95c1-9d32631673d1,0.0158964000002015,6.017492060594308e-08,3.785443283081714e-06,42.5,0.0,5.224797248840332,1.690720833115241e-07,0,8.641234021808382e-10,1.6993620671370498e-07,Argentina,ARG,cordoba,,,Windows-10-10.0.19045-SP0,3.12.2,2.6.0,8,AMD Ryzen 5 3400G with Radeon Vega Graphics,,,-64.2997,-31.3011,13.93279266357422,machine,N,1.0
2024-09-05T09:56:10,codecarbon,70aa9872-a081-4984-96d5-8b90d6c05134,0.0159885000030044,6.085726437236917e-08,3.8063148113289744e-06,42.5,0.0,5.224797248840332,1.708936806608108e-07,0,9.694901464660923e-10,1.718631708072769e-07,Argentina,ARG,cordoba,,,Windows-10-10.0.19045-SP0,3.12.2,2.6.0,8,AMD Ryzen 5 3400G with Radeon Vega Graphics,,,-64.2997,-31.3011,13.93279266357422,machine,N,1.0
2024-09-05T09:56:13,codecarbon,3214afe8-55c8-46d9-b267-c3ed8f9eff69,0.0129385999753139,4.690881123020434e-08,3.625493586609317e-06,42.5,0.0,5.224797248840332,1.317523610648803e-07,0,7.198609445473181e-10,1.324722220094276e-07,Argentina,ARG,cordoba,,,Windows-10-10.0.19045-SP0,3.12.2,2.6.0,8,AMD Ryzen 5 3400G with Radeon Vega Graphics,,,-64.2997,-31.3011,13.93279266357422,machine,N,1.0
2024-09-05T09:56:15,codecarbon,b76f3385-db4f-4e45-9552-54b7c1279dfb,0.020598200004315,8.20780979495322e-08,3.984721865616321e-06,42.5,0.0,5.224797248840332,2.311929168879741e-07,0,5.986746815189734e-10,2.31791591569493e-07,Argentina,ARG,cordoba,,,Windows-10-10.0.19045-SP0,3.12.2,2.6.0,8,AMD Ryzen 5 3400G with Radeon Vega Graphics,,,-64.2997,-31.3011,13.93279266357422,machine,N,1.0
2024-09-05T09:56:17,codecarbon,8c0ea8af-f3d9-485e-92ae-d8aa8248a3ef,0.0102652000205125,3.969415927555471e-08,3.866866616942227e-06,42.5,0.0,5.224797248840332,1.1161680577060909e-07,0,4.80971643179312e-10,1.120977774137884e-07,Argentina,ARG,cordoba,,,Windows-10-10.0.19045-SP0,3.12.2,2.6.0,8,AMD Ryzen 5 3400G with Radeon Vega Graphics,,,-64.2997,-31.3011,13.93279266357422,machine,N,1.0
2024-09-05T09:56:19,codecarbon,ed7947b1-ea58-4e27-9402-587c6ad14934,0.0175363000016659,6.996416834874771e-08,3.989676747210137e-06,42.5,0.0,5.224797248840332,1.9559090265425368e-07,0,1.990502611298253e-09,1.9758140526555188e-07,Argentina,ARG,cordoba,,,Windows-10-10.0.19045-SP0,3.12.2,2.6.0,8,AMD Ryzen 5 3400G with Radeon Vega Graphics,,,-64.2997,-31.3011,13.93279266357422,machine,N,1.0
2024-09-05T09:56:23,codecarbon,ef061036-e4a5-4935-b20b-a1af055bb73b,0.0122540999727789,4.6736774916332323e-08,3.8139704278692568e-06,42.5,0.0,5.224797248840332,1.313521527764452e-07,0,6.342323045405856e-10,1.319863850809858e-07,Argentina,ARG,cordoba,,,Windows-10-10.0.19045-SP0,3.12.2,2.6.0,8,AMD Ryzen 5 3400G with Radeon Vega Graphics,,,-64.2997,-31.3011,13.93279266357422,machine,N,1.0
2024-09-05T09:56:25,codecarbon,b663f33f-5143-461d-bef6-ed3bc665877d,0.0120065000082831,4.735882048767865e-08,3.944431804023338e-06,42.5,0.0,5.224797248840332,1.331359724038824e-07,0,6.07092432277286e-10,1.337430648361597e-07,Argentina,ARG,cordoba,,,Windows-10-10.0.19045-SP0,3.12.2,2.6.0,8,AMD Ryzen 5 3400G with Radeon Vega Graphics,,,-64.2997,-31.3011,13.93279266357422,machine,N,1.0
2024-09-05T09:56:28,codecarbon,03726f26-9936-48b5-afbe-6684fd3128de,0.010765100014396,4.1491717789912696e-08,3.854280753028437e-06,42.5,0.0,5.224797248840332,1.1663062525460397e-07,0,5.435240463415314e-10,1.1717414930094548e-07,Argentina,ARG,cordoba,,,Windows-10-10.0.19045-SP0,3.12.2,2.6.0,8,AMD Ryzen 5 3400G with Radeon Vega Graphics,,,-64.2997,-31.3011,13.93279266357422,machine,N,1.0
2024-09-05T09:56:30,codecarbon,f6a51c19-b390-4924-9666-0e61c767b467,0.0181995999882929,6.865182975781654e-08,3.772161465195807e-06,42.5,0.0,5.224797248840332,1.926300691088222e-07,0,1.245243322353303e-09,1.938753124311755e-07,Argentina,ARG,cordoba,,,Windows-10-10.0.19045-SP0,3.12.2,2.6.0,8,AMD Ryzen 5 3400G with Radeon Vega Graphics,,,-64.2997,-31.3011,13.93279266357422,machine,N,1.0
2024-09-05T09:56:32,codecarbon,4bc202a2-c724-4556-9973-689bd8d5fa97,0.0113618999894242,4.2614553840857264e-08,3.750653841393002e-06,42.5,0.0,5.224797248840332,1.1986062511116165e-07,0,4.844548256286579e-10,1.203450799367903e-07,Argentina,ARG,cordoba,,,Windows-10-10.0.19045-SP0,3.12.2,2.6.0,8,AMD Ryzen 5 3400G with Radeon Vega Graphics,,,-64.2997,-31.3011,13.93279266357422,machine,N,1.0
2024-09-05T09:57:40,codecarbon,ae027bca-e234-4a05-bfaa-fa4c19a145f5,0.0157786000054329,6.2843332328351e-08,3.98282054850953e-06,42.5,0.0,5.224797248840332,1.728486804293223e-07,0,4.6232199170486565e-09,1.7747190034637093e-07,Argentina,ARG,cordoba,,,Windows-10-10.0.19045-SP0,3.12.2,2.6.0,8,AMD Ryzen 5 3400G with Radeon Vega Graphics,,,-64.2997,-31.3011,13.93279266357422,machine,N,1.0
2024-09-05T09:57:42,codecarbon,391309b2-258a-41bc-91c1-12fd8b898a80,0.0131370000017341,5.329510151688863e-08,4.056870024347531e-06,42.5,0.0,5.224797248840332,1.458706252580871e-07,0,4.636717285999292e-09,1.5050734254408638e-07,Argentina,ARG,cordoba,,,Windows-10-10.0.19045-SP0,3.12.2,2.6.0,8,AMD Ryzen 5 3400G with Radeon Vega Graphics,,,-64.2997,-31.3011,13.93279266357422,machine,N,1.0
2024-09-05T09:57:44,codecarbon,d6d9316e-0c6b-4c14-b0ff-f0b66134a6ea,0.0174422999843955,6.930451743722237e-08,3.973358874645236e-06,42.5,0.0,5.224797248840332,1.930621526399692e-07,0,2.656373995564357e-09,1.9571852663553362e-07,Argentina,ARG,cordoba,,,Windows-10-10.0.19045-SP0,3.12.2,2.6.0,8,AMD Ryzen 5 3400G with Radeon Vega Graphics,,,-64.2997,-31.3011,13.93279266357422,machine,N,1.0
2024-09-05T09:57:47,codecarbon,b009e808-30f0-4234-8e59-b181c3c93945,0.0260202000208664,1.0818982391311177e-07,4.157916688816794e-06,42.5,0.0,5.224797248840332,2.973571527642586e-07,0,8.174920991433284e-09,3.055320737556919e-07,Argentina,ARG,cordoba,,,Windows-10-10.0.19045-SP0,3.12.2,2.6.0,8,AMD Ryzen 5 3400G with Radeon Vega Graphics,,,-64.2997,-31.3011,13.93279266357422,machine,N,1.0
2024-09-05T09:57:49,codecarbon,e72c36be-10ba-4066-9bc8-a0ef2577e424,0.0129828999924939,5.3075481573761366e-08,4.088106786961853e-06,42.5,0.0,5.224797248840332,1.461834721137873e-07,0,3.703655568726983e-09,1.498871276825143e-07,Argentina,ARG,cordoba,,,Windows-10-10.0.19045-SP0,3.12.2,2.6.0,8,AMD Ryzen 5 3400G with Radeon Vega Graphics,,,-64.2997,-31.3011,13.93279266357422,machine,N,1.0
2024-09-05T09:57:51,codecarbon,933b9040-e212-498a-acf3-f2f18e0e7a0f,0.0284034000069368,1.194819372858096e-07,4.206606858919318e-06,42.5,0.0,5.224797248840332,3.189802083903083e-07,0,1.8441212173227192e-08,3.374214205635355e-07,Argentina,ARG,cordoba,,,Windows-10-10.0.19045-SP0,3.12.2,2.6.0,8,AMD Ryzen 5 3400G with Radeon Vega Graphics,,,-64.2997,-31.3011,13.93279266357422,machine,N,1.0
2024-09-05T09:57:53,codecarbon,c8d97069-79e5-4a6d-a7a0-e166be0760e9,0.0188812999986112,7.57671986191333e-08,4.012816841250669e-06,42.5,0.0,5.224797248840332,2.1060402790074785e-07,0,3.3653499896775517e-09,2.1396937789042538e-07,Argentina,ARG,cordoba,,,Windows-10-10.0.19045-SP0,3.12.2,2.6.0,8,AMD Ryzen 5 3400G with Radeon Vega Graphics,,,-64.2997,-31.3011,13.93279266357422,machine,N,1.0
2024-09-05T09:57:56,codecarbon,c3773233-946f-407b-88b2-d7007b541927,0.0205831000057514,8.25848144987462e-08,4.012263190465467e-06,42.5,0.0,5.224797248840332,2.276571528758117e-07,0,5.565425014650085e-09,2.3322257789046173e-07,Argentina,ARG,cordoba,,,Windows-10-10.0.19045-SP0,3.12.2,2.6.0,8,AMD Ryzen 5 3400G with Radeon Vega Graphics,,,-64.2997,-31.3011,13.93279266357422,machine,N,1.0
2024-09-05T09:57:58,codecarbon,2a5d6be4-8f23-461c-9d27-6bba96b8326a,0.0171896999818272,7.256979016144264e-08,4.221701963278149e-06,42.5,0.0,5.224797248840332,1.9443750002715722e-07,0,1.0502277838160682e-08,2.049397778653178e-07,Argentina,ARG,cordoba,,,Windows-10-10.0.19045-SP0,3.12.2,2.6.0,8,AMD Ryzen 5 3400G with Radeon Vega Graphics,,,-64.2997,-31.3011,13.93279266357422,machine,N,1.0
2024-09-05T09:58:00,codecarbon,6eab4bd9-f4a5-442b-a464-d9dcabccbe0d,0.0319091000128537,1.362231338493427e-07,4.269099842818154e-06,42.5,0.0,5.224797248840332,3.600104168274104e-07,0,2.468876349397256e-08,3.846991803213829e-07,Argentina,ARG,cordoba,,,Windows-10-10.0.19045-SP0,3.12.2,2.6.0,8,AMD Ryzen 5 3400G with Radeon Vega Graphics,,,-64.2997,-31.3011,13.93279266357422,machine,N,1.0
2024-09-05T09:58:02,codecarbon,be1ba390-001a-45eb-82e9-7f32f7f5c79b,0.0140765999967698,5.507677149525416e-08,3.912647337275534e-06,42.5,0.0,5.224797248840332,1.5291381938974762e-07,0,2.6250252268022323e-09,1.5553884461654985e-07,Argentina,ARG,cordoba,,,Windows-10-10.0.19045-SP0,3.12.2,2.6.0,8,AMD Ryzen 5 3400G with Radeon Vega Graphics,,,-64.2997,-31.3011,13.93279266357422,machine,N,1.0
2024-09-05T09:58:04,codecarbon,62c668ce-e5cc-410a-b293-f65c2cb9421c,0.0223629999964032,9.419676346788225e-08,4.212170258151072e-06,42.5,0.0,5.224797248840332,2.513060417994792e-07,0,1.4709110480739321e-08,2.6601515228021855e-07,Argentina,ARG,cordoba,,,Windows-10-10.0.19045-SP0,3.12.2,2.6.0,8,AMD Ryzen 5 3400G with Radeon Vega Graphics,,,-64.2997,-31.3011,13.93279266357422,machine,N,1.0
2024-09-05T09:58:06,codecarbon,6ca0882a-a5af-46a6-a513-ba571d72c264,0.0180049999908078,7.493425618335365e-08,4.161858162821998e-06,42.5,0.0,5.224797248840332,2.0352187479551908e-07,0,8.095242775791044e-09,2.1161711757131013e-07,Argentina,ARG,cordoba,,,Windows-10-10.0.19045-SP0,3.12.2,2.6.0,8,AMD Ryzen 5 3400G with Radeon Vega Graphics,,,-64.2997,-31.3011,13.93279266357422,machine,N,1.0
2024-09-05T09:58:09,codecarbon,166a40fd-9c45-4660-a614-fea1433847f0,0.0211971999960951,8.749266670587544e-08,4.12755773036028e-06,42.5,0.0,5.224797248840332,2.329507640954237e-07,0,1.413177038148118e-08,2.4708253447690485e-07,Argentina,ARG,cordoba,,,Windows-10-10.0.19045-SP0,3.12.2,2.6.0,8,AMD Ryzen 5 3400G with Radeon Vega Graphics,,,-64.2997,-31.3011,13.93279266357422,machine,N,1.0
2024-09-05T09:58:11,codecarbon,3ec00d3e-27c7-433b-a26b-78df0d5faa02,0.0185934999899473,7.731323192282413e-08,4.158078466379328e-06,42.5,0.0,5.224797248840332,2.0740472203518341e-07,0,1.0930711222439729e-08,2.183354332576233e-07,Argentina,ARG,cordoba,,,Windows-10-10.0.19045-SP0,3.12.2,2.6.0,8,AMD Ryzen 5 3400G with Radeon Vega Graphics,,,-64.2997,-31.3011,13.93279266357422,machine,N,1.0
2024-09-05T09:58:13,codecarbon,ccc91989-47e7-4163-8b20-a4f81411aa67,0.022025999991456,9.246742693032798e-08,4.198103467093271e-06,42.5,0.0,5.224797248840332,2.47878888694686e-07,0,1.3252553090128055e-08,2.61131441784814e-07,Argentina,ARG,cordoba,,,Windows-10-10.0.19045-SP0,3.12.2,2.6.0,8,AMD Ryzen 5 3400G with Radeon Vega Graphics,,,-64.2997,-31.3011,13.93279266357422,machine,N,1.0
2024-09-05T09:58:15,codecarbon,3f41ead0-32ed-450e-8de4-b55eb7438580,0.017923300008988,7.356348323216056e-08,4.104349265775311e-06,42.5,0.0,5.224797248840332,1.9895194448812013e-07,0,8.794059449040923e-09,2.0774600393716106e-07,Argentina,ARG,cordoba,,,Windows-10-10.0.19045-SP0,3.12.2,2.6.0,8,AMD Ryzen 5 3400G with Radeon Vega Graphics,,,-64.2997,-31.3011,13.93279266357422,machine,N,1.0
2024-09-05T09:58:17,codecarbon,40e0ff30-9861-4f5b-81c8-d87951ed9247,0.0230439000006299,9.523342936541745e-08,4.132695826783403e-06,42.5,0.0,5.224797248840332,2.592594443235107e-07,0,9.683290884655998e-09,2.689427352081667e-07,Argentina,ARG,cordoba,,,Windows-10-10.0.19045-SP0,3.12.2,2.6.0,8,AMD Ryzen 5 3400G with Radeon Vega Graphics,,,-64.2997,-31.3011,13.93279266357422,machine,N,1.0
2024-09-05T09:58:19,codecarbon,ca6158b1-d9d4-4d9e-af48-4230f2eb84aa,0.028760199988028,1.2223866328862476e-07,4.250271671946261e-06,42.5,0.0,5.224797248840332,3.263563193185191e-07,0,1.885019767971244e-08,3.452065169982315e-07,Argentina,ARG,cordoba,,,Windows-10-10.0.19045-SP0,3.12.2,2.6.0,8,AMD Ryzen 5 3400G with Radeon Vega Graphics,,,-64.2997,-31.3011,13.93279266357422,machine,N,1.0
2024-09-05T09:58:22,codecarbon,03e88144-ff35-4e5f-b1fb-1f71edcb85b0,0.0287052000057883,1.2164714369357717e-07,4.237808608511601e-06,42.5,0.0,5.224797248840332,3.2264701403619257e-07,0,2.0889029695651472e-08,3.4353604373184405e-07,Argentina,ARG,cordoba,,,Windows-10-10.0.19045-SP0,3.12.2,2.6.0,8,AMD Ryzen 5 3400G with Radeon Vega Graphics,,,-64.2997,-31.3011,13.93279266357422,machine,N,1.0
2024-09-05T09:58:24,codecarbon,1329fac0-ed95-46ed-9b64-1f48375a0411,0.0159960999735631,6.130388021890147e-08,3.832426674015474e-06,42.5,0.0,5.224797248840332,1.7216277758254568e-07,0,9.61652933155893e-10,1.7312443051570156e-07,Argentina,ARG,cordoba,,,Windows-10-10.0.19045-SP0,3.12.2,2.6.0,8,AMD Ryzen 5 3400G with Radeon Vega Graphics,,,-64.2997,-31.3011,13.93279266357422,machine,N,1.0
2024-09-05T09:58:26,codecarbon,d67e8747-0e15-488a-b1c9-c71118061b80,0.0182048999995458,6.752540846363918e-08,3.7091886506008586e-06,42.5,0.0,5.224797248840332,1.8944611092592826e-07,0,1.248146009593872e-09,1.906942569355221e-07,Argentina,ARG,cordoba,,,Windows-10-10.0.19045-SP0,3.12.2,2.6.0,8,AMD Ryzen 5 3400G with Radeon Vega Graphics,,,-64.2997,-31.3011,13.93279266357422,machine,N,1.0
2024-09-05T09:58:28,codecarbon,01e1dcfb-e765-43cf-86fe-20a33f7f2239,0.0117439999885391,4.6055077095271817e-08,3.921583543955767e-06,42.5,0.0,5.224797248840332,1.2949159714076414e-07,0,5.69648020309968e-10,1.300612451610741e-07,Argentina,ARG,cordoba,,,Windows-10-10.0.19045-SP0,3.12.2,2.6.0,8,AMD Ryzen 5 3400G with Radeon Vega Graphics,,,-64.2997,-31.3011,13.93279266357422,machine,N,1.0
2024-09-05T09:58:30,codecarbon,e42763e7-aa5e-47a2-a786-7a380eee66d0,0.0106671999965328,4.200342797461288e-08,3.9376244926752205e-06,42.5,0.0,5.224797248840332,1.1808979169371825e-07,0,5.294461399427823e-10,1.1861923783366101e-07,Argentina,ARG,cordoba,,,Windows-10-10.0.19045-SP0,3.12.2,2.6.0,8,AMD Ryzen 5 3400G with Radeon Vega Graphics,,,-64.2997,-31.3011,13.93279266357422,machine,N,1.0
2024-09-05T09:58:33,codecarbon,4793e553-1737-46e1-baa8-f58826a7c84e,0.0106966999883297,4.2181453420434585e-08,3.943408104037228e-06,42.5,0.0,5.224797248840332,1.1841562475941225e-07,0,7.06363533357345e-10,1.1912198829276965e-07,Argentina,ARG,cordoba,,,Windows-10-10.0.19045-SP0,3.12.2,2.6.0,8,AMD Ryzen 5 3400G with Radeon Vega Graphics,,,-64.2997,-31.3011,13.93279266357422,machine,N,1.0
2024-09-05T09:58:35,codecarbon,319db6d4-8fca-4739-abcc-816dd31ff0d1,0.0094296000024769,3.6197319868208025e-08,3.838690915701599e-06,42.5,0.0,5.224797248840332,1.0164465264905529e-07,0,5.779206367062528e-10,1.0222257328576157e-07,Argentina,ARG,cordoba,,,Windows-10-10.0.19045-SP0,3.12.2,2.6.0,8,AMD Ryzen 5 3400G with Radeon Vega Graphics,,,-64.2997,-31.3011,13.93279266357422,machine,N,1.0
2024-09-05T09:58:37,codecarbon,2a23be5b-b5e7-4f1f-bd14-3719fc2ddbc4,0.0116751999885309,4.4781020998417934e-08,3.835567788338379e-06,42.5,0.0,5.224797248840332,1.257563194384501e-07,0,7.069440708054598e-10,1.2646326350925557e-07,Argentina,ARG,cordoba,,,Windows-10-10.0.19045-SP0,3.12.2,2.6.0,8,AMD Ryzen 5 3400G with Radeon Vega Graphics,,,-64.2997,-31.3011,13.93279266357422,machine,N,1.0
2024-09-05T09:58:39,codecarbon,164b1a8c-8d29-46c0-a462-0c33b2c6c672,0.0115677999856416,4.480636916252007e-08,3.873369976843948e-06,42.5,0.0,5.224797248840332,1.259605553867813e-07,0,5.74292277655541e-10,1.2653484766443685e-07,Argentina,ARG,cordoba,,,Windows-10-10.0.19045-SP0,3.12.2,2.6.0,8,AMD Ryzen 5 3400G with Radeon Vega Graphics,,,-64.2997,-31.3011,13.93279266357422,machine,N,1.0
2024-09-05T09:58:41,codecarbon,6a379f38-9606-4add-8827-5a4f9eba7ace,0.0167136999953072,6.453824377155254e-08,3.861397762893501e-06,42.5,0.0,5.224797248840332,1.813321526545527e-07,0,9.262404444963095e-10,1.8225839309904898e-07,Argentina,ARG,cordoba,,,Windows-10-10.0.19045-SP0,3.12.2,2.6.0,8,AMD Ryzen 5 3400G with Radeon Vega Graphics,,,-64.2997,-31.3011,13.93279266357422,machine,N,1.0
2024-09-05T09:58:43,codecarbon,ff4a29e2-e549-4d73-a6ba-c7bbd941d152,0.0166434000129811,6.170699582604979e-08,3.707595550063144e-06,42.5,0.0,5.224797248840332,1.7329611129955288e-07,0,9.667326358268891e-10,1.7426284393537974e-07,Argentina,ARG,cordoba,,,Windows-10-10.0.19045-SP0,3.12.2,2.6.0,8,AMD Ryzen 5 3400G with Radeon Vega Graphics,,,-64.2997,-31.3011,13.93279266357422,machine,N,1.0
2024-09-05T09:58:46,codecarbon,10dc3926-1c14-467a-8b30-30589f7a4ee4,0.0159779000096023,5.92172380035396e-08,3.706196556991316e-06,42.5,0.0,5.224797248840332,1.663308333970943e-07,0,9.008421423380151e-10,1.6723167553943228e-07,Argentina,ARG,cordoba,,,Windows-10-10.0.19045-SP0,3.12.2,2.6.0,8,AMD Ryzen 5 3400G with Radeon Vega Graphics,,,-64.2997,-31.3011,13.93279266357422,machine,N,1.0
2024-09-05T09:58:48,codecarbon,602d16cc-b2b0-451c-b11f-96b40a4a29e4,0.0106627999921329,4.180627573046565e-08,3.920759627988008e-06,42.5,0.0,5.224797248840332,1.1755145838429196e-07,0,5.110142026831798e-10,1.1806247258697513e-07,Argentina,ARG,cordoba,,,Windows-10-10.0.19045-SP0,3.12.2,2.6.0,8,AMD Ryzen 5 3400G with Radeon Vega Graphics,,,-64.2997,-31.3011,13.93279266357422,machine,N,1.0
2024-09-05T09:58:50,codecarbon,d13513d9-4c85-47cc-8900-27bb7b63cc59,0.0173766000079922,6.441552266782854e-08,3.707026842892229e-06,42.5,0.0,5.224797248840332,1.799261109327846e-07,0,1.985713219590651e-09,1.819118241523753e-07,Argentina,ARG,cordoba,,,Windows-10-10.0.19045-SP0,3.12.2,2.6.0,8,AMD Ryzen 5 3400G with Radeon Vega Graphics,,,-64.2997,-31.3011,13.93279266357422,machine,N,1.0
2024-09-05T09:58:52,codecarbon,09120dc5-ffb0-41ad-9792-a4f56980c1c1,0.0143628000223543,5.54811047317482e-08,3.862833475742686e-06,42.5,0.0,5.224797248840332,1.55486249948606e-07,0,1.1944467180367152e-09,1.5668069666664273e-07,Argentina,ARG,cordoba,,,Windows-10-10.0.19045-SP0,3.12.2,2.6.0,8,AMD Ryzen 5 3400G with Radeon Vega Graphics,,,-64.2997,-31.3011,13.93279266357422,machine,N,1.0
2024-09-05T09:58:54,codecarbon,0dcc2bfa-ebc1-458b-b14a-39ed84b4bf1f,0.0170900000084657,6.532693999699149e-08,3.822524281136983e-06,42.5,0.0,5.224797248840332,1.8319270829023385e-07,0,1.292992189545969e-09,1.844857004797798e-07,Argentina,ARG,cordoba,,,Windows-10-10.0.19045-SP0,3.12.2,2.6.0,8,AMD Ryzen 5 3400G with Radeon Vega Graphics,,,-64.2997,-31.3011,13.93279266357422,machine,N,1.0
2024-09-05T09:58:57,codecarbon,758c88f3-b004-43a7-b961-1a64c9b15f9c,0.0091047000023536,3.5961662069878464e-08,3.949790993726546e-06,42.5,0.0,5.224797248840332,1.0104256954137884e-07,0,5.144973851325258e-10,1.0155706692651137e-07,Argentina,ARG,cordoba,,,Windows-10-10.0.19045-SP0,3.12.2,2.6.0,8,AMD Ryzen 5 3400G with Radeon Vega Graphics,,,-64.2997,-31.3011,13.93279266357422,machine,N,1.0
2024-09-05T09:58:59,codecarbon,e9ec0fc7-7f1d-4858-a023-97576c430535,0.0131820000242441,5.0162867276934224e-08,3.805406401507755e-06,42.5,0.0,5.224797248840332,1.4089694462503154e-07,0,7.64852301100779e-10,1.416617969261323e-07,Argentina,ARG,cordoba,,,Windows-10-10.0.19045-SP0,3.12.2,2.6.0,8,AMD Ryzen 5 3400G with Radeon Vega Graphics,,,-64.2997,-31.3011,13.93279266357422,machine,N,1.0
2024-09-05T09:59:01,codecarbon,9bc5230a-9da2-4172-bec3-2b1a78cff545,0.0088782999955583,3.4663679630217353e-08,3.90431497556503e-06,42.5,0.0,5.224797248840332,9.718805550720493e-08,0,7.034608883561139e-10,9.789151639556104e-08,Argentina,ARG,cordoba,,,Windows-10-10.0.19045-SP0,3.12.2,2.6.0,8,AMD Ryzen 5 3400G with Radeon Vega Graphics,,,-64.2997,-31.3011,13.93279266357422,machine,N,1.0
2024-09-05T09:59:03,codecarbon,0b030fcd-3a68-471b-893d-51ada00aad01,0.016246899991529,6.489419997019832e-08,3.994251211248506e-06,42.5,0.0,5.224797248840332,1.827500000217697e-07,0,5.136265789603543e-10,1.8326362660073002e-07,Argentina,ARG,cordoba,,,Windows-10-10.0.19045-SP0,3.12.2,2.6.0,8,AMD Ryzen 5 3400G with Radeon Vega Graphics,,,-64.2997,-31.3011,13.93279266357422,machine,N,1.0
2024-09-05T09:59:05,codecarbon,1b046f7e-0af4-4c64-8d78-32bf10ca1df0,0.0167922999826259,6.410579431155595e-08,3.817570813877936e-06,42.5,0.0,5.224797248840332,1.801303472247027e-07,0,9.067925667025079e-10,1.810371397914052e-07,Argentina,ARG,cordoba,,,Windows-10-10.0.19045-SP0,3.12.2,2.6.0,8,AMD Ryzen 5 3400G with Radeon Vega Graphics,,,-64.2997,-31.3011,13.93279266357422,machine,N,1.0
2024-09-05T09:59:28,codecarbon,ce90beac-32fc-4f66-a244-7f7bd72d6139,0.025662200001534,1.0717272000329426e-07,4.176287301824767e-06,42.5,0.0,5.224797248840332,2.8681597234228524e-07,0,1.5843762264013684e-08,3.026597346062989e-07,Argentina,ARG,cordoba,,,Windows-10-10.0.19045-SP0,3.12.2,2.6.0,8,AMD Ryzen 5 3400G with Radeon Vega Graphics,,,-64.2997,-31.3011,13.93279266357422,machine,N,1.0
2024-09-05T09:59:30,codecarbon,d30cbafe-8b29-4e66-abdf-2cfa6c17f40d,0.0169938999752048,6.72135133050805e-08,3.955155285317038e-06,42.5,0.0,5.224797248840332,1.861499997984437e-07,0,3.663453646120459e-09,1.8981345344456417e-07,Argentina,ARG,cordoba,,,Windows-10-10.0.19045-SP0,3.12.2,2.6.0,8,AMD Ryzen 5 3400G with Radeon Vega Graphics,,,-64.2997,-31.3011,13.93279266357422,machine,N,1.0
2024-09-05T09:59:33,codecarbon,4b7780ac-7fec-4727-b0e0-60b6399dca01,0.0248711000022012,1.0210548844531245e-07,4.105386912371201e-06,42.5,0.0,5.224797248840332,2.751993055224173e-07,0,1.3150379301807428e-08,2.883496848242248e-07,Argentina,ARG,cordoba,,,Windows-10-10.0.19045-SP0,3.12.2,2.6.0,8,AMD Ryzen 5 3400G with Radeon Vega Graphics,,,-64.2997,-31.3011,13.93279266357422,machine,N,1.0
2024-09-05T09:59:35,codecarbon,32c92c34-7682-4961-9b0c-5d314b75fb2f,0.0112710999965202,4.5274483613723655e-08,4.016864691795966e-06,42.5,0.0,5.224797248840332,1.2531597229907578e-07,0,2.540847930415784e-09,1.2785682022949157e-07,Argentina,ARG,cordoba,,,Windows-10-10.0.19045-SP0,3.12.2,2.6.0,8,AMD Ryzen 5 3400G with Radeon Vega Graphics,,,-64.2997,-31.3011,13.93279266357422,machine,N,1.0
2024-09-05T09:59:37,codecarbon,493130a9-d5b6-4a1c-b2db-def8a50ca9c6,0.0111456000013276,4.4964103744170584e-08,4.034247033700684e-06,42.5,0.0,5.224797248840332,1.226219442792677e-07,0,4.358351691595568e-09,1.2698029597086326e-07,Argentina,ARG,cordoba,,,Windows-10-10.0.19045-SP0,3.12.2,2.6.0,8,AMD Ryzen 5 3400G with Radeon Vega Graphics,,,-64.2997,-31.3011,13.93279266357422,machine,N,1.0
2024-09-05T09:59:39,codecarbon,dab08142-87be-4355-ac48-32df22cd4030,0.0137876999797299,5.6342399491984424e-08,4.086424826099817e-06,42.5,0.0,5.224797248840332,1.5401173617040816e-07,0,5.101288830748063e-09,1.5911302500115621e-07,Argentina,ARG,cordoba,,,Windows-10-10.0.19045-SP0,3.12.2,2.6.0,8,AMD Ryzen 5 3400G with Radeon Vega Graphics,,,-64.2997,-31.3011,13.93279266357422,machine,N,1.0
2024-09-05T09:59:41,codecarbon,c305ed69-afdc-46bd-89a1-d3147b5156d1,0.0184908999945037,7.390191585593e-08,3.99666408221865e-06,42.5,0.0,5.224797248840332,2.027084723522421e-07,0,5.993277861481016e-09,2.0870175021372325e-07,Argentina,ARG,cordoba,,,Windows-10-10.0.19045-SP0,3.12.2,2.6.0,8,AMD Ryzen 5 3400G with Radeon Vega Graphics,,,-64.2997,-31.3011,13.93279266357422,machine,N,1.0
2024-09-05T09:59:49,codecarbon,3557ce2e-78ed-4af2-8490-bd4fc693c0d4,0.0152679999882821,6.45859901795236e-08,4.230153931693222e-06,42.5,0.0,5.224797248840332,1.7282270835292166e-07,0,9.570522372385968e-09,1.8239323072530761e-07,Argentina,ARG,cordoba,,,Windows-10-10.0.19045-SP0,3.12.2,2.6.0,8,AMD Ryzen 5 3400G with Radeon Vega Graphics,,,-64.2997,-31.3011,13.93279266357422,machine,N,1.0
2024-09-05T09:59:51,codecarbon,ee62db3a-bb0b-4dcd-9776-7dbc06b86aac,0.0254797999805305,1.0084097472268862e-07,3.957683137220177e-06,42.5,0.0,5.224797248840332,2.814656943681055e-07,0,3.312956822899976e-09,2.847786511910055e-07,Argentina,ARG,cordoba,,,Windows-10-10.0.19045-SP0,3.12.2,2.6.0,8,AMD Ryzen 5 3400G with Radeon Vega Graphics,,,-64.2997,-31.3011,13.93279266357422,machine,N,1.0
2024-09-05T09:59:53,codecarbon,7ad43a3c-4496-4a53-9a57-a1cb5d91172b,0.0323150000185705,1.3865445280063054e-07,4.290714922511202e-06,42.5,0.0,5.224797248840332,3.6732631965100563e-07,0,2.423899552743268e-08,3.915653151784383e-07,Argentina,ARG,cordoba,,,Windows-10-10.0.19045-SP0,3.12.2,2.6.0,8,AMD Ryzen 5 3400G with Radeon Vega Graphics,,,-64.2997,-31.3011,13.93279266357422,machine,N,1.0
2024-09-05T09:59:56,codecarbon,1be1ea58-f003-41b6-ae69-4188b8f16085,0.0239753000205382,1.018860058436725e-07,4.249623811021867e-06,42.5,0.0,5.224797248840332,2.722125002441721e-07,0,1.5517357575932572e-08,2.877298578201046e-07,Argentina,ARG,cordoba,,,Windows-10-10.0.19045-SP0,3.12.2,2.6.0,8,AMD Ryzen 5 3400G with Radeon Vega Graphics,,,-64.2997,-31.3011,13.93279266357422,machine,N,1.0
2024-09-05T09:59:58,codecarbon,a3a39fe2-1dbb-4f1a-b3e2-dc395034f9d2,0.0207106000161729,8.46998083702118e-08,4.089683944650056e-06,42.5,0.0,5.224797248840332,2.249938195341707e-07,0,1.4201579460505486e-08,2.3919539899467614e-07,Argentina,ARG,cordoba,,,Windows-10-10.0.19045-SP0,3.12.2,2.6.0,8,AMD Ryzen 5 3400G with Radeon Vega Graphics,,,-64.2997,-31.3011,13.93279266357422,machine,N,1.0
2024-09-05T10:00:00,codecarbon,0acf8a53-633e-47b1-82b8-bc928153e096,0.019304400018882,7.980158486291598e-08,4.13385470591474e-06,42.5,0.0,5.224797248840332,2.171714583002743e-07,0,8.191175913262462e-09,2.253626342135367e-07,Argentina,ARG,cordoba,,,Windows-10-10.0.19045-SP0,3.12.2,2.6.0,8,AMD Ryzen 5 3400G with Radeon Vega Graphics,,,-64.2997,-31.3011,13.93279266357422,machine,N,1.0
2024-09-05T10:00:02,codecarbon,bb6783b0-0c40-4750-8a8b-0816b261e65f,0.0354059999808669,1.5385342686247569e-07,4.345405494707584e-06,42.5,0.0,5.224797248840332,4.049813194797026e-07,0,2.9506461935523208e-08,4.3448778141522573e-07,Argentina,ARG,cordoba,,,Windows-10-10.0.19045-SP0,3.12.2,2.6.0,8,AMD Ryzen 5 3400G with Radeon Vega Graphics,,,-64.2997,-31.3011,13.93279266357422,machine,N,1.0
2024-09-05T10:00:05,codecarbon,a37bc012-b6f4-4c83-b3f8-f7890bb4898a,0.0350206999864894,1.563491827747359e-07,4.464479089083122e-06,42.5,0.0,5.224797248840332,4.056495138583058e-07,0,3.588637478069443e-08,4.4153588863900026e-07,Argentina,ARG,cordoba,,,Windows-10-10.0.19045-SP0,3.12.2,2.6.0,8,AMD Ryzen 5 3400G with Radeon Vega Graphics,,,-64.2997,-31.3011,13.93279266357422,machine,N,1.0
2024-09-05T10:00:07,codecarbon,07f298c2-69b5-4a8b-bb1a-d62de3ed9a12,0.0288556000159587,1.223869748283617e-07,4.241359554494615e-06,42.5,0.0,5.224797248840332,3.251332640704479e-07,0,2.0492090214496577e-08,3.456253542849445e-07,Argentina,ARG,cordoba,,,Windows-10-10.0.19045-SP0,3.12.2,2.6.0,8,AMD Ryzen 5 3400G with Radeon Vega Graphics,,,-64.2997,-31.3011,13.93279266357422,machine,N,1.0
2024-09-05T10:00:09,codecarbon,44a26e1c-2be3-495c-8e20-21b80e82dc71,0.0364861999987624,1.598119391506919e-07,4.380065316643344e-06,42.5,0.0,5.224797248840332,4.20252985956419e-07,0,3.1061855066367785e-08,4.513148410227868e-07,Argentina,ARG,cordoba,,,Windows-10-10.0.19045-SP0,3.12.2,2.6.0,8,AMD Ryzen 5 3400G with Radeon Vega Graphics,,,-64.2997,-31.3011,13.93279266357422,machine,N,1.0
2024-09-05T10:00:11,codecarbon,34d8e8ff-56a9-45de-9112-c5e3b904185d,0.0279938000021502,1.177678413911488e-07,4.206925868660307e-06,42.5,0.0,5.224797248840332,3.125249305917856e-07,0,2.0055819616907333e-08,3.3258075020869293e-07,Argentina,ARG,cordoba,,,Windows-10-10.0.19045-SP0,3.12.2,2.6.0,8,AMD Ryzen 5 3400G with Radeon Vega Graphics,,,-64.2997,-31.3011,13.93279266357422,machine,N,1.0
2024-09-05T10:00:14,codecarbon,02fbaa89-fb7b-4ab4-9a93-868bd3cd4aeb,0.0346475999976974,1.477130313161999e-07,4.263297640414244e-06,42.5,0.0,5.224797248840332,3.873261110533754e-07,0,2.982096569039666e-08,4.17147076743772e-07,Argentina,ARG,cordoba,,,Windows-10-10.0.19045-SP0,3.12.2,2.6.0,8,AMD Ryzen 5 3400G with Radeon Vega Graphics,,,-64.2997,-31.3011,13.93279266357422,machine,N,1.0
2024-09-05T10:00:16,codecarbon,763cf34d-47fb-45b6-ac4e-5384f2fc8186,0.0187024000042583,7.65810795236021e-08,4.094719367897448e-06,42.5,0.0,5.224797248840332,2.067506944311189e-07,0,9.517113307313529e-09,2.1626780773843242e-07,Argentina,ARG,cordoba,,,Windows-10-10.0.19045-SP0,3.12.2,2.6.0,8,AMD Ryzen 5 3400G with Radeon Vega Graphics,,,-64.2997,-31.3011,13.93279266357422,machine,N,1.0
2024-09-05T10:00:18,codecarbon,ddbf2996-224d-4d17-8baa-bf3b2aa37bcb,0.014328099990962,5.994985587936256e-08,4.184075761418327e-06,42.5,0.0,5.224797248840332,1.615259721196102e-07,0,7.774643462191075e-09,1.6930061558180122e-07,Argentina,ARG,cordoba,,,Windows-10-10.0.19045-SP0,3.12.2,2.6.0,8,AMD Ryzen 5 3400G with Radeon Vega Graphics,,,-64.2997,-31.3011,13.93279266357422,machine,N,1.0
2024-09-05T10:00:20,codecarbon,9bd3c466-d5ef-436b-abe9-759ee1c60d41,0.0208816000085789,9.1333269958173e-08,4.373863589028128e-06,42.5,0.0,5.224797248840332,2.3959138880955936e-07,0,1.83371516382002e-08,2.579285404477596e-07,Argentina,ARG,cordoba,,,Windows-10-10.0.19045-SP0,3.12.2,2.6.0,8,AMD Ryzen 5 3400G with Radeon Vega Graphics,,,-64.2997,-31.3011,13.93279266357422,machine,N,1.0
2024-09-05T10:00:22,codecarbon,6f7fccb1-48ed-4c26-ab4e-c7058346cd4b,0.0373141999880317,1.634602337561692e-07,4.380644200025668e-06,42.5,0.0,5.224797248840332,4.278168052729194e-07,0,3.3800954972458964e-08,4.616177602453783e-07,Argentina,ARG,cordoba,,,Windows-10-10.0.19045-SP0,3.12.2,2.6.0,8,AMD Ryzen 5 3400G with Radeon Vega Graphics,,,-64.2997,-31.3011,13.93279266357422,machine,N,1.0
2024-09-05T10:00:25,codecarbon,ec4bf93f-e609-4bba-b196-5228d441098b,0.0270781000144779,1.1201253051518877e-07,4.13664660575515e-06,42.5,0.0,5.224797248840332,2.985011112185829e-07,0,1.7826427704241073e-08,3.16327538922824e-07,Argentina,ARG,cordoba,,,Windows-10-10.0.19045-SP0,3.12.2,2.6.0,8,AMD Ryzen 5 3400G with Radeon Vega Graphics,,,-64.2997,-31.3011,13.93279266357422,machine,N,1.0
2024-09-05T10:00:27,codecarbon,877d0eb5-170d-4c6e-8991-c6635aad8b35,0.0177485000167507,6.854137655999044e-08,3.861812350074774e-06,42.5,0.0,5.224797248840332,1.906148612356952e-07,0,2.948527269882109e-09,1.935633885055773e-07,Argentina,ARG,cordoba,,,Windows-10-10.0.19045-SP0,3.12.2,2.6.0,8,AMD Ryzen 5 3400G with Radeon Vega Graphics,,,-64.2997,-31.3011,13.93279266357422,machine,N,1.0
2024-09-05T10:00:29,codecarbon,b87a2d10-9683-4b28-9a64-4f0958296c34,0.0264993000018876,1.1449403509148997e-07,4.320643755998621e-06,42.5,0.0,5.224797248840332,3.019270834152445e-07,0,2.1408316430252265e-08,3.233353998454967e-07,Argentina,ARG,cordoba,,,Windows-10-10.0.19045-SP0,3.12.2,2.6.0,8,AMD Ryzen 5 3400G with Radeon Vega Graphics,,,-64.2997,-31.3011,13.93279266357422,machine,N,1.0
2024-09-05T10:00:31,codecarbon,6b7bbd7c-1d4a-44ef-b058-19e6d4f3d1a1,0.0363320000178646,1.579200299337942e-07,4.34658234768645e-06,42.5,0.0,5.224797248840332,4.12391666779715e-07,0,3.358035247398853e-08,4.459720192537037e-07,Argentina,ARG,cordoba,,,Windows-10-10.0.19045-SP0,3.12.2,2.6.0,8,AMD Ryzen 5 3400G with Radeon Vega Graphics,,,-64.2997,-31.3011,13.93279266357422,machine,N,1.0
2024-09-05T10:00:34,codecarbon,3564c9a6-ac77-420f-9388-a8f22466e5b4,0.0107022000011056,4.1234367997285453e-08,3.852887069296541e-06,42.5,0.0,5.224797248840332,1.1584319420055385e-07,0,6.041897450367178e-10,1.1644738394559057e-07,Argentina,ARG,cordoba,,,Windows-10-10.0.19045-SP0,3.12.2,2.6.0,8,AMD Ryzen 5 3400G with Radeon Vega Graphics,,,-64.2997,-31.3011,13.93279266357422,machine,N,1.0
2024-09-05T10:00:36,codecarbon,24e0708e-eca9-4010-a69d-e2be028ebe79,0.0169949000119231,6.57819783814578e-08,3.870689344174249e-06,42.5,0.0,5.224797248840332,1.8481243082027925e-07,0,9.583149273079128e-10,1.8577074574758705e-07,Argentina,ARG,cordoba,,,Windows-10-10.0.19045-SP0,3.12.2,2.6.0,8,AMD Ryzen 5 3400G with Radeon Vega Graphics,,,-64.2997,-31.3011,13.93279266357422,machine,N,1.0
2024-09-05T10:00:38,codecarbon,95872382-38ce-471e-89ab-90ee99ca171b,0.0154806999780703,5.6936276833254775e-08,3.6778877514524296e-06,42.5,0.0,5.224797248840332,1.595485416247458e-07,0,1.2416150055419295e-09,1.6079015663028773e-07,Argentina,ARG,cordoba,,,Windows-10-10.0.19045-SP0,3.12.2,2.6.0,8,AMD Ryzen 5 3400G with Radeon Vega Graphics,,,-64.2997,-31.3011,13.93279266357422,machine,N,1.0
2024-09-05T10:00:40,codecarbon,65b21852-22a4-4280-acb1-8703e5c26617,0.0162357999943196,6.323648229838796e-08,3.894879360457269e-06,42.5,0.0,5.224797248840332,1.7780701372329434e-07,0,7.751567140867888e-10,1.7858217043738114e-07,Argentina,ARG,cordoba,,,Windows-10-10.0.19045-SP0,3.12.2,2.6.0,8,AMD Ryzen 5 3400G with Radeon Vega Graphics,,,-64.2997,-31.3011,13.93279266357422,machine,N,1.0
2024-09-05T10:00:43,codecarbon,6d2925e9-6d45-47f7-9051-ac09a879c1bb,0.0157845000212546,6.346788953261093e-08,4.020899581687614e-06,42.5,0.0,5.224797248840332,1.7868416665199525e-07,0,5.51506394013759e-10,1.79235673046009e-07,Argentina,ARG,cordoba,,,Windows-10-10.0.19045-SP0,3.12.2,2.6.0,8,AMD Ryzen 5 3400G with Radeon Vega Graphics,,,-64.2997,-31.3011,13.93279266357422,machine,N,1.0
2024-09-05T10:00:45,codecarbon,540b29ce-90d1-458f-9df6-57006cb7deac,0.0157783000031486,6.05488485981605e-08,3.8374760643464616e-06,42.5,0.0,5.224797248840332,1.701180555957965e-07,0,8.741376309214649e-10,1.7099219322671796e-07,Argentina,ARG,cordoba,,,Windows-10-10.0.19045-SP0,3.12.2,2.6.0,8,AMD Ryzen 5 3400G with Radeon Vega Graphics,,,-64.2997,-31.3011,13.93279266357422,machine,N,1.0
2024-09-05T10:00:47,codecarbon,3c6f48ef-386c-491d-8775-88ad1ded424e,0.0156124999921303,5.8970815704056575e-08,3.777153930106103e-06,42.5,0.0,5.224797248840332,1.6557527792934305e-07,0,9.604919004990023e-10,1.6653576982984208e-07,Argentina,ARG,cordoba,,,Windows-10-10.0.19045-SP0,3.12.2,2.6.0,8,AMD Ryzen 5 3400G with Radeon Vega Graphics,,,-64.2997,-31.3011,13.93279266357422,machine,N,1.0
2024-09-05T10:00:50,codecarbon,d5ce6bb7-e466-4662-8800-c5b271e137b2,0.0154504999809432,3.7876708311828944e-10,2.4514875478817052e-08,42.5,0.0,5.224797248840332,1.584163888158704e-07,0,9.156457205469063e-10,1.593320345364173e-07,Canada,CAN,quebec,,,Windows-10-10.0.19045-SP0,3.12.2,2.6.0,8,AMD Ryzen 5 3400G with Radeon Vega Graphics,,,-71.2,46.8,13.93279266357422,machine,N,1.0
2024-09-05T10:00:53,codecarbon,7a1e870e-c9ad-4d2a-a0c4-9b502a2ece8d,0.0157766000193078,6.042869905286269e-08,3.8302738853053575e-06,42.5,0.0,5.224797248840332,1.697497222064865e-07,0,9.031642498911331e-10,1.7065288645637764e-07,Argentina,ARG,cordoba,,,Windows-10-10.0.19045-SP0,3.12.2,2.6.0,8,AMD Ryzen 5 3400G with Radeon Vega Graphics,,,-64.2997,-31.3011,13.93279266357422,machine,N,1.0
2024-09-05T10:00:55,codecarbon,c2803431-5490-4038-9030-45a52c4cf760,0.0149105000018607,5.7165568031356774e-08,3.833913552477964e-06,42.5,0.0,5.224797248840332,1.6029229179063505e-07,0,1.14539168382513e-09,1.6143768347446017e-07,Argentina,ARG,cordoba,,,Windows-10-10.0.19045-SP0,3.12.2,2.6.0,8,AMD Ryzen 5 3400G with Radeon Vega Graphics,,,-64.2997,-31.3011,13.93279266357422,machine,N,1.0
2024-09-05T10:00:57,codecarbon,64cd0c71-9762-4ee6-b3ee-6e931abaa0fa,0.0106867000286001,4.1504975515249376e-08,3.883797187548272e-06,42.5,0.0,5.224797248840332,1.165952086618442e-07,0,6.163809469684333e-10,1.172115896088127e-07,Argentina,ARG,cordoba,,,Windows-10-10.0.19045-SP0,3.12.2,2.6.0,8,AMD Ryzen 5 3400G with Radeon Vega Graphics,,,-64.2997,-31.3011,13.93279266357422,machine,N,1.0
2024-09-05T10:00:59,codecarbon,93951772-b3a5-48b5-ba76-69b0980a7f67,0.0125967000203672,5.00398001830481e-08,3.97245311090524e-06,42.5,0.0,5.224797248840332,1.4081194466497337e-07,0,5.023062254401467e-10,1.4131425089041353e-07,Argentina,ARG,cordoba,,,Windows-10-10.0.19045-SP0,3.12.2,2.6.0,8,AMD Ryzen 5 3400G with Radeon Vega Graphics,,,-64.2997,-31.3011,13.93279266357422,machine,N,1.0
2024-09-05T10:01:01,codecarbon,184a2d2d-7389-47c8-b259-44319f832eaa,0.0138238000217825,5.3176452051571334e-08,3.846731865896484e-06,42.5,0.0,5.224797248840332,1.4945125003578146e-07,0,7.21022019443545e-10,1.5017227205522497e-07,Argentina,ARG,cordoba,,,Windows-10-10.0.19045-SP0,3.12.2,2.6.0,8,AMD Ryzen 5 3400G with Radeon Vega Graphics,,,-64.2997,-31.3011,13.93279266357422,machine,N,1.0
2024-09-05T10:01:04,codecarbon,95ef3c87-ede3-44f4-b869-b699344b3c16,0.0103689000243321,4.093984970257199e-08,3.948331028990615e-06,42.5,0.0,5.224797248840332,1.1508881964093438e-07,0,5.268337214262703e-10,1.1561565336236065e-07,Argentina,ARG,cordoba,,,Windows-10-10.0.19045-SP0,3.12.2,2.6.0,8,AMD Ryzen 5 3400G with Radeon Vega Graphics,,,-64.2997,-31.3011,13.93279266357422,machine,N,1.0
2024-09-05T10:01:06,codecarbon,5f8bf860-b1c4-46f4-b625-3ed29d7b9f8b,0.0164666000055149,6.418130358928807e-08,3.897665794261885e-06,42.5,0.0,5.224797248840332,1.8030861109663322e-07,0,9.41769694515343e-10,1.8125038079114859e-07,Argentina,ARG,cordoba,,,Windows-10-10.0.19045-SP0,3.12.2,2.6.0,8,AMD Ryzen 5 3400G with Radeon Vega Graphics,,,-64.2997,-31.3011,13.93279266357422,machine,N,1.0
2024-09-05T10:01:08,codecarbon,728d09d1-7038-4af1-9477-f482054bcbff,0.0107363999995868,4.166870299612154e-08,3.881068421232903e-06,42.5,0.0,5.224797248840332,1.1706861126488853e-07,0,6.05350819932945e-10,1.1767396208482149e-07,Argentina,ARG,cordoba,,,Windows-10-10.0.19045-SP0,3.12.2,2.6.0,8,AMD Ryzen 5 3400G with Radeon Vega Graphics,,,-64.2997,-31.3011,13.93279266357422,machine,N,1.0
2024-09-05T10:01:10,codecarbon,ffb19323-71ab-46dd-8d1e-4893e95e00fc,0.0103672000113874,3.983729818202226e-08,3.842628495472688e-06,42.5,0.0,5.224797248840332,1.1182104171894029e-07,0,6.809652734383885e-10,1.1250200699237868e-07,Argentina,ARG,cordoba,,,Windows-10-10.0.19045-SP0,3.12.2,2.6.0,8,AMD Ryzen 5 3400G with Radeon Vega Graphics,,,-64.2997,-31.3011,13.93279266357422,machine,N,1.0
2024-09-05T10:01:12,codecarbon,515e92d7-e8b2-472f-bd6e-569060581d59,0.0111893999855965,4.313781120033087e-08,3.855238999040133e-06,42.5,0.0,5.224797248840332,1.2126430536025308e-07,0,5.584727589124511e-10,1.2182277811916553e-07,Argentina,ARG,cordoba,,,Windows-10-10.0.19045-SP0,3.12.2,2.6.0,8,AMD Ryzen 5 3400G with Radeon Vega Graphics,,,-64.2997,-31.3011,13.93279266357422,machine,N,1.0
2024-09-05T10:01:14,codecarbon,044e6625-404c-46ec-92b3-73132d7562aa,0.0153733999759424,5.8831543841920955e-08,3.826840122158101e-06,42.5,0.0,5.224797248840332,1.6510069441816692e-07,0,1.0417665096448812e-09,1.6614246092781181e-07,Argentina,ARG,cordoba,,,Windows-10-10.0.19045-SP0,3.12.2,2.6.0,8,AMD Ryzen 5 3400G with Radeon Vega Graphics,,,-64.2997,-31.3011,13.93279266357422,machine,N,1.0
2024-09-05T10:01:17,codecarbon,2646d828-5024-4b48-91bb-728fd9fea7b2,0.01586949999909848,6.103926735265343e-08,3.84632580460134e-06,42.5,0.0,5.224797248840332,1.714603471757275e-07,0,9.16806795443134e-10,1.7237715397117064e-07,Argentina,ARG,cordoba,,,Windows-10-10.0.19045-SP0,3.12.2,2.6.0,8,AMD Ryzen 5 3400G with Radeon Vega Graphics,,,-64.2997,-31.3011,13.932792663574219,machine,N,1.0
